-- phpMyAdmin SQL Dump
-- version 5.1.1
-- https://www.phpmyadmin.net/
--
-- Host: localhost
-- Generation Time: Jun 25, 2022 at 09:49 AM
-- Server version: 10.4.21-MariaDB
-- PHP Version: 7.4.27

SET SQL_MODE = "NO_AUTO_VALUE_ON_ZERO";
START TRANSACTION;
SET time_zone = "+00:00";


/*!40101 SET @OLD_CHARACTER_SET_CLIENT=@@CHARACTER_SET_CLIENT */;
/*!40101 SET @OLD_CHARACTER_SET_RESULTS=@@CHARACTER_SET_RESULTS */;
/*!40101 SET @OLD_COLLATION_CONNECTION=@@COLLATION_CONNECTION */;
/*!40101 SET NAMES utf8mb4 */;

--
-- Database: `pis_akademik`
--

-- --------------------------------------------------------

--
-- Table structure for table `tabel_menu`
--

CREATE TABLE `tabel_menu` (
  `id` int(11) NOT NULL,
  `nama_menu` varchar(50) NOT NULL,
  `link` varchar(50) NOT NULL,
  `icon` varchar(25) NOT NULL,
  `is_main_menu` int(11) NOT NULL
) ENGINE=InnoDB DEFAULT CHARSET=latin1;

--
-- Dumping data for table `tabel_menu`
--

INSERT INTO `tabel_menu` (`id`, `nama_menu`, `link`, `icon`, `is_main_menu`) VALUES
(1, 'Data Mahasiswa', 'siswa', 'fa fa-users', 0),
(2, 'Data Dosen', 'dosen', 'fa fa-user-circle', 0),
(3, 'Data Master', '#', 'fa fa-bars', 0),
(4, 'Matakuliah', 'mapel', 'fa fa-book', 3),
(5, 'Ruangan Kelas', 'ruangan', 'fa fa-building', 3),
(6, 'Tingkatan Semester', 'tingkatan', 'fa fa-sitemap', 3),
(7, 'Jurusan', 'jurusan', 'fa fa-th-large', 3),
(8, 'Tahun Akademik', 'tahunakademik', 'fa fa-calendar-check-o', 3),
(9, 'Kelas', 'kelas', 'fa fa-cubes', 3),
(10, 'Kurikulum', 'kurikulum', 'fa fa-list', 3),
(11, 'Jadwal Matakuliah', 'jadwal', 'fa fa-calendar-plus-o', 0),
(12, 'Peserta Didik', 'siswa/siswa_aktif', 'fa fa-users', 0),
(13, 'Dosen wali', 'walikelas', 'fa fa-user-plus', 0),
(14, 'Pengguna Sistem', 'user', 'fa fa-id-badge', 0),
(15, 'Menu', 'menu', 'fa fa-list', 0),
(16, 'Form Pembayaran', 'pembayaran', 'fa fa-dollar', 0),
(17, 'Nilai', 'nilai', 'fa fa-archive', 0),
(18, 'Laporan Nilai', 'laporan_nilai', 'fa fa-file-pdf-o', 0),
(19, 'Dashboard', 'tampilan_utama', '', 0);

-- --------------------------------------------------------

--
-- Table structure for table `tbl_agama`
--

CREATE TABLE `tbl_agama` (
  `kd_agama` int(2) NOT NULL,
  `nama_agama` varchar(30) NOT NULL
) ENGINE=InnoDB DEFAULT CHARSET=latin1;

--
-- Dumping data for table `tbl_agama`
--

INSERT INTO `tbl_agama` (`kd_agama`, `nama_agama`) VALUES
(1, 'ISLAM'),
(2, 'KRISTEN/ PROTESTAN'),
(3, 'KATHOLIK'),
(4, 'HINDU'),
(5, 'BUDHA'),
(6, 'KHONG HU CHU'),
(99, 'LAIN LAIN');

-- --------------------------------------------------------

--
-- Table structure for table `tbl_dosen`
--

CREATE TABLE `tbl_dosen` (
  `id` int(11) NOT NULL,
  `id_user` int(11) NOT NULL,
  `nidn` varchar(11) NOT NULL
) ENGINE=InnoDB DEFAULT CHARSET=utf8mb4;

--
-- Dumping data for table `tbl_dosen`
--

INSERT INTO `tbl_dosen` (`id`, `id_user`, `nidn`) VALUES
(1, 11, 'N111921136'),
(2, 12, 'N123456789'),
(3, 13, 'N123456788');

-- --------------------------------------------------------

--
-- Table structure for table `tbl_jadwal`
--

CREATE TABLE `tbl_jadwal` (
  `id` int(11) NOT NULL,
  `id_tahun_akademik` int(11) NOT NULL,
  `semester` varchar(10) NOT NULL,
  `kd_jurusan` varchar(5) NOT NULL,
  `kd_tingkatan` varchar(5) NOT NULL,
  `kd_kelas` varchar(5) NOT NULL,
  `kd_mapel` varchar(5) NOT NULL,
  `id_dosen` int(11) NOT NULL,
  `jam` varchar(30) NOT NULL,
  `kd_ruangan` varchar(10) NOT NULL,
  `hari` varchar(10) NOT NULL
) ENGINE=InnoDB DEFAULT CHARSET=latin1;

--
-- Dumping data for table `tbl_jadwal`
--

INSERT INTO `tbl_jadwal` (`id`, `id_tahun_akademik`, `semester`, `kd_jurusan`, `kd_tingkatan`, `kd_kelas`, `kd_mapel`, `id_dosen`, `jam`, `kd_ruangan`, `hari`) VALUES
(1, 1, 'ganjil', 'TI', '01', 'IF-6K', '0001', 1, '07.15 - 08.00', '01', 'Senin');

-- --------------------------------------------------------

--
-- Table structure for table `tbl_jurusan`
--

CREATE TABLE `tbl_jurusan` (
  `kd_jurusan` varchar(5) NOT NULL,
  `nama_jurusan` varchar(30) NOT NULL
) ENGINE=InnoDB DEFAULT CHARSET=latin1;

--
-- Dumping data for table `tbl_jurusan`
--

INSERT INTO `tbl_jurusan` (`kd_jurusan`, `nama_jurusan`) VALUES
('AK', 'Akuntansi'),
('J1123', 'Teknik Mesin'),
('TI', 'Teknik Informatika');

-- --------------------------------------------------------

--
-- Table structure for table `tbl_kelas`
--

CREATE TABLE `tbl_kelas` (
  `kd_kelas` varchar(5) NOT NULL,
  `nama_kelas` varchar(30) NOT NULL,
  `kd_tingkatan` varchar(5) NOT NULL,
  `kd_jurusan` varchar(5) NOT NULL
) ENGINE=InnoDB DEFAULT CHARSET=latin1;

--
-- Dumping data for table `tbl_kelas`
--

INSERT INTO `tbl_kelas` (`kd_kelas`, `nama_kelas`, `kd_tingkatan`, `kd_jurusan`) VALUES
('IF-2K', 'IF-2K', '01', 'TI'),
('IF-6K', 'IF-6K', '01', 'TI');

-- --------------------------------------------------------

--
-- Table structure for table `tbl_kurikulum`
--

CREATE TABLE `tbl_kurikulum` (
  `id_kurikulum` int(11) NOT NULL,
  `nama_kurikulum` varchar(30) NOT NULL,
  `is_aktif` enum('Y','N') NOT NULL
) ENGINE=InnoDB DEFAULT CHARSET=latin1;

--
-- Dumping data for table `tbl_kurikulum`
--

INSERT INTO `tbl_kurikulum` (`id_kurikulum`, `nama_kurikulum`, `is_aktif`) VALUES
(1, 'Kurikulum 2013 (K13)', 'Y'),
(2, 'Kurikulum 2006 (KTSP)', 'N'),
(3, 'Kurikulum 2004 (KBK)', 'N');

-- --------------------------------------------------------

--
-- Table structure for table `tbl_kurikulum_detail`
--

CREATE TABLE `tbl_kurikulum_detail` (
  `id_kurikulum_detail` int(11) NOT NULL,
  `id_kurikulum` int(11) NOT NULL,
  `kd_mapel` varchar(5) NOT NULL,
  `kd_jurusan` varchar(5) NOT NULL,
  `kd_tingkatan` varchar(5) NOT NULL
) ENGINE=InnoDB DEFAULT CHARSET=latin1;

--
-- Dumping data for table `tbl_kurikulum_detail`
--

INSERT INTO `tbl_kurikulum_detail` (`id_kurikulum_detail`, `id_kurikulum`, `kd_mapel`, `kd_jurusan`, `kd_tingkatan`) VALUES
(1, 1, '0001', 'TI', '01');

-- --------------------------------------------------------

--
-- Table structure for table `tbl_level_user`
--

CREATE TABLE `tbl_level_user` (
  `id_level_user` int(11) NOT NULL,
  `nama_level` varchar(30) NOT NULL
) ENGINE=InnoDB DEFAULT CHARSET=latin1;

--
-- Dumping data for table `tbl_level_user`
--

INSERT INTO `tbl_level_user` (`id_level_user`, `nama_level`) VALUES
(1, 'Admin'),
(2, 'Walikelas'),
(3, 'Guru'),
(4, 'Keuangan');

-- --------------------------------------------------------

--
-- Table structure for table `tbl_mapel`
--

CREATE TABLE `tbl_mapel` (
  `kd_mapel` varchar(5) NOT NULL,
  `sks` int(1) NOT NULL,
  `nama` varchar(30) NOT NULL
) ENGINE=InnoDB DEFAULT CHARSET=latin1;

--
-- Dumping data for table `tbl_mapel`
--

INSERT INTO `tbl_mapel` (`kd_mapel`, `sks`, `nama`) VALUES
('0001', 3, 'Proyek 2');

-- --------------------------------------------------------

--
-- Table structure for table `tbl_mhs`
--

CREATE TABLE `tbl_mhs` (
  `id` int(11) NOT NULL,
  `nim` varchar(11) NOT NULL,
  `nama` varchar(40) NOT NULL,
  `gender` enum('L','P') NOT NULL,
  `tanggal_lahir` date NOT NULL,
  `tempat_lahir` varchar(30) NOT NULL,
  `kd_agama` int(2) NOT NULL,
  `foto` text NOT NULL,
  `kd_kelas` varchar(5) NOT NULL
) ENGINE=InnoDB DEFAULT CHARSET=latin1;

--
-- Dumping data for table `tbl_mhs`
--

INSERT INTO `tbl_mhs` (`id`, `nim`, `nama`, `gender`, `tanggal_lahir`, `tempat_lahir`, `kd_agama`, `foto`, `kd_kelas`) VALUES
(1, 'D111921120', 'Muhammad Athallah Zuhryo', 'L', '2022-06-04', 'Banda Aceh', 1, '', 'IF-6K');

-- --------------------------------------------------------

--
-- Table structure for table `tbl_nilai`
--

CREATE TABLE `tbl_nilai` (
  `id_nilai` int(11) NOT NULL,
  `id_jadwal` int(11) NOT NULL,
  `nim` varchar(11) NOT NULL,
  `nilai` int(11) NOT NULL
) ENGINE=InnoDB DEFAULT CHARSET=latin1;

--
-- Dumping data for table `tbl_nilai`
--

INSERT INTO `tbl_nilai` (`id_nilai`, `id_jadwal`, `nim`, `nilai`) VALUES
(1, 1, '18SI1000', 100),
(9, 1, 'D111921142', 89);

-- --------------------------------------------------------

--
-- Table structure for table `tbl_riwayat_kelas`
--

CREATE TABLE `tbl_riwayat_kelas` (
  `id_riwayat` int(11) NOT NULL,
  `kd_kelas` varchar(5) NOT NULL,
  `nim` varchar(11) NOT NULL,
  `id_tahun_akademik` int(11) NOT NULL
) ENGINE=InnoDB DEFAULT CHARSET=latin1;

--
-- Dumping data for table `tbl_riwayat_kelas`
--

INSERT INTO `tbl_riwayat_kelas` (`id_riwayat`, `kd_kelas`, `nim`, `id_tahun_akademik`) VALUES
(1, '7-A1', '18SI1000', 1),
(2, '7-A1', '18SI1001', 1),
(3, '7-A1', '18SI1002', 1),
(4, '7-A1', '18SI1003', 1),
(5, '7-A1', '18TI2000', 1),
(6, '7-A1', '18TI2001', 1),
(7, '7-A1', '18TI2002', 1),
(8, '7-A1', '18TI2003', 1),
(9, '7-A1', '', 1),
(10, '8-A1', '14.12.8199', 1),
(11, '8-B1', '14.12.8198', 1),
(12, 'IF-6K', 'D111921142', 5);

-- --------------------------------------------------------

--
-- Table structure for table `tbl_ruangan`
--

CREATE TABLE `tbl_ruangan` (
  `kd_ruangan` varchar(10) NOT NULL,
  `nama_ruangan` varchar(30) NOT NULL,
  `kapasitas` int(255) NOT NULL
) ENGINE=InnoDB DEFAULT CHARSET=latin1;

--
-- Dumping data for table `tbl_ruangan`
--

INSERT INTO `tbl_ruangan` (`kd_ruangan`, `nama_ruangan`, `kapasitas`) VALUES
('01', 'LabKom-01', 30),
('02', 'LabKOm-02', 23);

-- --------------------------------------------------------

--
-- Table structure for table `tbl_siswa`
--

CREATE TABLE `tbl_siswa` (
  `nim` varchar(11) NOT NULL,
  `nama` varchar(40) NOT NULL,
  `gender` enum('L','P') NOT NULL,
  `tanggal_lahir` date NOT NULL,
  `tempat_lahir` varchar(30) NOT NULL,
  `kd_agama` int(2) NOT NULL,
  `foto` text NOT NULL,
  `kd_kelas` varchar(5) NOT NULL
) ENGINE=InnoDB DEFAULT CHARSET=latin1;

--
-- Dumping data for table `tbl_siswa`
--

INSERT INTO `tbl_siswa` (`nim`, `nama`, `gender`, `tanggal_lahir`, `tempat_lahir`, `kd_agama`, `foto`, `kd_kelas`) VALUES
('18SI1000', 'Muhammad Athallah Zuhry', 'L', '1996-12-19', 'Banda Aceh', 1, 'user-siluet.jpg', 'IF-6K'),
('D111921142', 'Wildan', '', '2001-01-12', 'Bandung', 1, '', 'IF-6K');

-- --------------------------------------------------------

--
-- Table structure for table `tbl_tahun_akademik`
--

CREATE TABLE `tbl_tahun_akademik` (
  `id_tahun_akademik` int(11) NOT NULL,
  `tahun_akademik` varchar(10) NOT NULL,
  `is_aktif` enum('Y','N') NOT NULL,
  `semester` varchar(10) NOT NULL
) ENGINE=InnoDB DEFAULT CHARSET=latin1;

--
-- Dumping data for table `tbl_tahun_akademik`
--

INSERT INTO `tbl_tahun_akademik` (`id_tahun_akademik`, `tahun_akademik`, `is_aktif`, `semester`) VALUES
(1, '2018/2019', 'N', 'ganjil'),
(2, '2017/2018', 'N', 'genap'),
(5, '2019/2020', 'Y', 'genap');

-- --------------------------------------------------------

--
-- Table structure for table `tbl_tingkatan_kelas`
--

CREATE TABLE `tbl_tingkatan_kelas` (
  `kd_tingkatan` varchar(5) NOT NULL,
  `nama_tingkatan` varchar(30) NOT NULL
) ENGINE=InnoDB DEFAULT CHARSET=latin1;

--
-- Dumping data for table `tbl_tingkatan_kelas`
--

INSERT INTO `tbl_tingkatan_kelas` (`kd_tingkatan`, `nama_tingkatan`) VALUES
('01', '2019');

-- --------------------------------------------------------

--
-- Table structure for table `tbl_user`
--

CREATE TABLE `tbl_user` (
  `id_user` int(11) NOT NULL,
  `nama_lengkap` varchar(40) NOT NULL,
  `username` varchar(30) NOT NULL,
  `password` varchar(40) NOT NULL,
  `id_level_user` int(11) NOT NULL,
  `gender` enum('P','W') DEFAULT NULL,
  `foto` text NOT NULL
) ENGINE=InnoDB DEFAULT CHARSET=latin1;

--
-- Dumping data for table `tbl_user`
--

INSERT INTO `tbl_user` (`id_user`, `nama_lengkap`, `username`, `password`, `id_level_user`, `gender`, `foto`) VALUES
(1, 'Taufik Hidayat', 'taufik', 'e10adc3949ba59abbe56e057f20f883e', 1, NULL, 'user-siluet2.jpg'),
(2, 'Muhammad Mulvi', 'mulvi', 'e10adc3949ba59abbe56e057f20f883e', 1, NULL, 'user-siluet1.jpg'),
(3, 'Ika Nurul Fadhila', 'ika', 'e10adc3949ba59abbe56e057f20f883e', 4, NULL, 'user-siluet3.jpg'),
(10, 'Adit', 'adit', 'e10adc3949ba59abbe56e057f20f883e', 1, NULL, ''),
(11, 'Eriawan Hidayat', 'eri', 'e10adc3949ba59abbe56e057f20f883e', 3, 'P', ''),
(12, 'Dosen Satu S.T', 'dosensatu', 'e10adc3949ba59abbe56e057f20f883e', 3, 'P', ''),
(13, 'Dosen Dua S.T', 'dosendua', 'e10adc3949ba59abbe56e057f20f883e', 3, 'W', '');

-- --------------------------------------------------------

--
-- Table structure for table `tbl_user_rule`
--

CREATE TABLE `tbl_user_rule` (
  `id_rule` int(11) NOT NULL,
  `id_menu` int(11) NOT NULL,
  `id_level_user` int(11) NOT NULL
) ENGINE=InnoDB DEFAULT CHARSET=latin1;

--
-- Dumping data for table `tbl_user_rule`
--

INSERT INTO `tbl_user_rule` (`id_rule`, `id_menu`, `id_level_user`) VALUES
(1, 16, 4),
(2, 1, 1),
(3, 2, 1),
(4, 3, 1),
(6, 5, 1),
(7, 7, 1),
(8, 8, 1),
(9, 11, 1),
(10, 6, 1),
(11, 14, 1),
(12, 15, 1),
(15, 10, 1),
(17, 11, 3),
(19, 17, 3),
(21, 12, 3),
(23, 4, 1);

-- --------------------------------------------------------

--
-- Table structure for table `tbl_walikelas`
--

CREATE TABLE `tbl_walikelas` (
  `id_walikelas` int(11) NOT NULL,
  `id_guru` int(11) NOT NULL,
  `id_tahun_akademik` int(11) NOT NULL,
  `kd_kelas` varchar(5) NOT NULL
) ENGINE=InnoDB DEFAULT CHARSET=latin1;

--
-- Dumping data for table `tbl_walikelas`
--

INSERT INTO `tbl_walikelas` (`id_walikelas`, `id_guru`, `id_tahun_akademik`, `kd_kelas`) VALUES
(1, 0, 2, 'IF-6K'),
(3, 0, 1, '7-B1'),
(4, 0, 1, '7-B2'),
(5, 0, 1, '8-A1'),
(6, 0, 1, '8-A2'),
(7, 0, 1, '8-B1'),
(8, 0, 1, '8-B2'),
(9, 0, 1, '9-A1'),
(10, 0, 1, '9-A2'),
(11, 0, 1, '9-B1'),
(12, 0, 1, '9-B2');

-- --------------------------------------------------------

--
-- Stand-in structure for view `view_kelas`
-- (See below for the actual view)
--
CREATE TABLE `view_kelas` (
`kd_kelas` varchar(5)
,`nama_kelas` varchar(30)
,`kd_tingkatan` varchar(5)
,`kd_jurusan` varchar(5)
,`nama_tingkatan` varchar(30)
,`nama_jurusan` varchar(30)
);

-- --------------------------------------------------------

--
-- Stand-in structure for view `view_user`
-- (See below for the actual view)
--
CREATE TABLE `view_user` (
`id_user` int(11)
,`nama_lengkap` varchar(40)
,`username` varchar(30)
,`password` varchar(40)
,`id_level_user` int(11)
,`foto` text
,`nama_level` varchar(30)
);

-- --------------------------------------------------------

--
-- Stand-in structure for view `view_walikelas`
-- (See below for the actual view)
--
CREATE TABLE `view_walikelas` (
);

-- --------------------------------------------------------

--
-- Structure for view `view_kelas`
--
DROP TABLE IF EXISTS `view_kelas`;

CREATE ALGORITHM=UNDEFINED DEFINER=`root`@`localhost` SQL SECURITY DEFINER VIEW `view_kelas`  AS SELECT `tk`.`kd_kelas` AS `kd_kelas`, `tk`.`nama_kelas` AS `nama_kelas`, `tk`.`kd_tingkatan` AS `kd_tingkatan`, `tk`.`kd_jurusan` AS `kd_jurusan`, `ttk`.`nama_tingkatan` AS `nama_tingkatan`, `tj`.`nama_jurusan` AS `nama_jurusan` FROM ((`tbl_kelas` `tk` join `tbl_tingkatan_kelas` `ttk`) join `tbl_jurusan` `tj`) WHERE `tk`.`kd_tingkatan` = `ttk`.`kd_tingkatan` AND `tk`.`kd_jurusan` = `tj`.`kd_jurusan` ;

-- --------------------------------------------------------

--
-- Structure for view `view_user`
--
DROP TABLE IF EXISTS `view_user`;

CREATE ALGORITHM=UNDEFINED DEFINER=`root`@`localhost` SQL SECURITY DEFINER VIEW `view_user`  AS SELECT `tu`.`id_user` AS `id_user`, `tu`.`nama_lengkap` AS `nama_lengkap`, `tu`.`username` AS `username`, `tu`.`password` AS `password`, `tu`.`id_level_user` AS `id_level_user`, `tu`.`foto` AS `foto`, `tlu`.`nama_level` AS `nama_level` FROM (`tbl_user` `tu` join `tbl_level_user` `tlu`) WHERE `tu`.`id_level_user` = `tlu`.`id_level_user` ;

-- --------------------------------------------------------

--
-- Structure for view `view_walikelas`
--
DROP TABLE IF EXISTS `view_walikelas`;

CREATE ALGORITHM=UNDEFINED DEFINER=`root`@`localhost` SQL SECURITY DEFINER VIEW `view_walikelas`  AS SELECT `tg`.`nama_guru` AS `nama_guru`, `tk`.`nama_kelas` AS `nama_kelas`, `tw`.`id_walikelas` AS `id_walikelas`, `tw`.`id_tahun_akademik` AS `id_tahun_akademik`, `tj`.`nama_jurusan` AS `nama_jurusan`, `ttk`.`nama_tingkatan` AS `nama_tingkatan`, `tta`.`tahun_akademik` AS `tahun_akademik` FROM (((((`tbl_walikelas` `tw` join `tbl_kelas` `tk`) join `tbl_guru` `tg`) join `tbl_jurusan` `tj`) join `tbl_tingkatan_kelas` `ttk`) join `tbl_tahun_akademik` `tta`) WHERE `tw`.`kd_kelas` = `tk`.`kd_kelas` AND `tw`.`id_guru` = `tg`.`id_guru` AND `tk`.`kd_jurusan` = `tj`.`kd_jurusan` AND `tk`.`kd_tingkatan` = `ttk`.`kd_tingkatan` AND `tw`.`id_tahun_akademik` = `tta`.`id_tahun_akademik` ;

--
-- Indexes for dumped tables
--

--
-- Indexes for table `tabel_menu`
--
ALTER TABLE `tabel_menu`
  ADD PRIMARY KEY (`id`);

--
-- Indexes for table `tbl_agama`
--
ALTER TABLE `tbl_agama`
  ADD PRIMARY KEY (`kd_agama`);

--
-- Indexes for table `tbl_dosen`
--
ALTER TABLE `tbl_dosen`
  ADD PRIMARY KEY (`id`),
  ADD UNIQUE KEY `idx_dosen_nidn` (`nidn`);

--
-- Indexes for table `tbl_jadwal`
--
ALTER TABLE `tbl_jadwal`
  ADD PRIMARY KEY (`id`);

--
-- Indexes for table `tbl_jurusan`
--
ALTER TABLE `tbl_jurusan`
  ADD PRIMARY KEY (`kd_jurusan`);

--
-- Indexes for table `tbl_kelas`
--
ALTER TABLE `tbl_kelas`
  ADD PRIMARY KEY (`kd_kelas`);

--
-- Indexes for table `tbl_kurikulum`
--
ALTER TABLE `tbl_kurikulum`
  ADD PRIMARY KEY (`id_kurikulum`);

--
-- Indexes for table `tbl_kurikulum_detail`
--
ALTER TABLE `tbl_kurikulum_detail`
  ADD PRIMARY KEY (`id_kurikulum_detail`);

--
-- Indexes for table `tbl_level_user`
--
ALTER TABLE `tbl_level_user`
  ADD PRIMARY KEY (`id_level_user`);

--
-- Indexes for table `tbl_mapel`
--
ALTER TABLE `tbl_mapel`
  ADD PRIMARY KEY (`kd_mapel`);

--
-- Indexes for table `tbl_mhs`
--
ALTER TABLE `tbl_mhs`
  ADD PRIMARY KEY (`id`),
  ADD UNIQUE KEY `nim` (`nim`);

--
-- Indexes for table `tbl_nilai`
--
ALTER TABLE `tbl_nilai`
  ADD PRIMARY KEY (`id_nilai`);

--
-- Indexes for table `tbl_riwayat_kelas`
--
ALTER TABLE `tbl_riwayat_kelas`
  ADD PRIMARY KEY (`id_riwayat`);

--
-- Indexes for table `tbl_ruangan`
--
ALTER TABLE `tbl_ruangan`
  ADD PRIMARY KEY (`kd_ruangan`);

--
-- Indexes for table `tbl_siswa`
--
ALTER TABLE `tbl_siswa`
  ADD PRIMARY KEY (`nim`);

--
-- Indexes for table `tbl_tahun_akademik`
--
ALTER TABLE `tbl_tahun_akademik`
  ADD PRIMARY KEY (`id_tahun_akademik`);

--
-- Indexes for table `tbl_tingkatan_kelas`
--
ALTER TABLE `tbl_tingkatan_kelas`
  ADD PRIMARY KEY (`kd_tingkatan`);

--
-- Indexes for table `tbl_user`
--
ALTER TABLE `tbl_user`
  ADD PRIMARY KEY (`id_user`),
  ADD UNIQUE KEY `username` (`username`);

--
-- Indexes for table `tbl_user_rule`
--
ALTER TABLE `tbl_user_rule`
  ADD PRIMARY KEY (`id_rule`);

--
-- Indexes for table `tbl_walikelas`
--
ALTER TABLE `tbl_walikelas`
  ADD PRIMARY KEY (`id_walikelas`);

--
-- AUTO_INCREMENT for dumped tables
--

--
-- AUTO_INCREMENT for table `tabel_menu`
--
ALTER TABLE `tabel_menu`
  MODIFY `id` int(11) NOT NULL AUTO_INCREMENT, AUTO_INCREMENT=21;

--
-- AUTO_INCREMENT for table `tbl_dosen`
--
ALTER TABLE `tbl_dosen`
  MODIFY `id` int(11) NOT NULL AUTO_INCREMENT, AUTO_INCREMENT=6;

--
-- AUTO_INCREMENT for table `tbl_jadwal`
--
ALTER TABLE `tbl_jadwal`
  MODIFY `id` int(11) NOT NULL AUTO_INCREMENT, AUTO_INCREMENT=69;

--
-- AUTO_INCREMENT for table `tbl_kurikulum`
--
ALTER TABLE `tbl_kurikulum`
  MODIFY `id_kurikulum` int(11) NOT NULL AUTO_INCREMENT, AUTO_INCREMENT=4;

--
-- AUTO_INCREMENT for table `tbl_kurikulum_detail`
--
ALTER TABLE `tbl_kurikulum_detail`
  MODIFY `id_kurikulum_detail` int(11) NOT NULL AUTO_INCREMENT, AUTO_INCREMENT=7;

--
-- AUTO_INCREMENT for table `tbl_level_user`
--
ALTER TABLE `tbl_level_user`
  MODIFY `id_level_user` int(11) NOT NULL AUTO_INCREMENT, AUTO_INCREMENT=5;

--
-- AUTO_INCREMENT for table `tbl_mhs`
--
ALTER TABLE `tbl_mhs`
  MODIFY `id` int(11) NOT NULL AUTO_INCREMENT, AUTO_INCREMENT=2;

--
-- AUTO_INCREMENT for table `tbl_nilai`
--
ALTER TABLE `tbl_nilai`
  MODIFY `id_nilai` int(11) NOT NULL AUTO_INCREMENT, AUTO_INCREMENT=10;

--
-- AUTO_INCREMENT for table `tbl_riwayat_kelas`
--
ALTER TABLE `tbl_riwayat_kelas`
  MODIFY `id_riwayat` int(11) NOT NULL AUTO_INCREMENT, AUTO_INCREMENT=13;

--
-- AUTO_INCREMENT for table `tbl_tahun_akademik`
--
ALTER TABLE `tbl_tahun_akademik`
  MODIFY `id_tahun_akademik` int(11) NOT NULL AUTO_INCREMENT, AUTO_INCREMENT=6;

--
-- AUTO_INCREMENT for table `tbl_user`
--
ALTER TABLE `tbl_user`
  MODIFY `id_user` int(11) NOT NULL AUTO_INCREMENT, AUTO_INCREMENT=16;

--
-- AUTO_INCREMENT for table `tbl_user_rule`
--
ALTER TABLE `tbl_user_rule`
  MODIFY `id_rule` int(11) NOT NULL AUTO_INCREMENT, AUTO_INCREMENT=24;

--
-- AUTO_INCREMENT for table `tbl_walikelas`
--
ALTER TABLE `tbl_walikelas`
  MODIFY `id_walikelas` int(11) NOT NULL AUTO_INCREMENT, AUTO_INCREMENT=13;
COMMIT;

/*!40101 SET CHARACTER_SET_CLIENT=@OLD_CHARACTER_SET_CLIENT */;
/*!40101 SET CHARACTER_SET_RESULTS=@OLD_CHARACTER_SET_RESULTS */;
/*!40101 SET COLLATION_CONNECTION=@OLD_COLLATION_CONNECTION */;
